"kingdom","phylum","class","order","family","sub_family","genus","iucn_threat_status","common_name_description","Sampling.Point","value","Species"
"Animalia","Annelida","Clitellata","Arhynchobdellida","Erpobdellidae",NA,"Erpobdella",1,"leech, transverse eyes","x010824_kn10_mzb1",1,"Erpobdella"
"Animalia","Annelida","Clitellata","Arhynchobdellida","Erpobdellidae",NA,"Erpobdella",1,"leech, transverse eyes","x010824_kn11_mzb3",1,"Erpobdella"
"Animalia","Annelida","Clitellata","Arhynchobdellida","Erpobdellidae",NA,"Erpobdella",1,"leech, transverse eyes","x010824_kn11_mzb4",2,"Erpobdella"
"Animalia","Annelida","Clitellata","Rhynchobdellida","Glossiphoniidae",NA,NA,1,"leech, longitudinal eyes (small, fat, white / yellow)","x300724_kn02_mzb3",2,"Glossiphoniidae"
"Animalia","Annelida","Clitellata","Rhynchobdellida","Glossiphoniidae",NA,NA,1,"leech, longitudinal eyes (small, fat, white / yellow)","x300724_kn03_mzb5",1,"Glossiphoniidae"
"Animalia","Annelida","Clitellata","Rhynchobdellida","Glossiphoniidae",NA,NA,1,"leech, longitudinal eyes (small, fat, white / yellow)","x300724_kn03_mzb6",1,"Glossiphoniidae"
"Animalia","Annelida","Clitellata","Rhynchobdellida","Glossiphoniidae",NA,NA,1,"leech, longitudinal eyes (small, fat, white / yellow)","x300724_kn04_mzb7",1,"Glossiphoniidae"
"Animalia","Annelida","Clitellata","Rhynchobdellida","Glossiphoniidae",NA,NA,1,"leech, longitudinal eyes (small, fat, white / yellow)","x310724_kn05_mzb2",51,"Glossiphoniidae"
"Animalia","Annelida","Clitellata","Rhynchobdellida","Glossiphoniidae",NA,NA,1,"leech, longitudinal eyes (small, fat, white / yellow)","x310724_kn08_mzb8",1,"Glossiphoniidae"
"Animalia","Annelida","Clitellata","Rhynchobdellida","Glossiphoniidae",NA,NA,1,"leech, longitudinal eyes (small, fat, white / yellow)","x010824_kn11_mzb3",4,"Glossiphoniidae"
"Animalia","Annelida","Clitellata","Rhynchobdellida","Glossiphoniidae",NA,NA,1,"leech, longitudinal eyes (small, fat, white / yellow)","x010824_kn11_mzb4",3,"Glossiphoniidae"
"Animalia","Annelida","Clitellata","Rhynchobdellida","Glossiphoniidae",NA,NA,1,"leech, longitudinal eyes (small, fat, white / yellow)","x010824_kn13_mzb7",1,"Glossiphoniidae"
"Animalia","Annelida","Clitellata","Rhynchobdellida","Glossiphoniidae",NA,NA,1,"leech,longitudinal eyes (stripey with nodules)","x310724_kn05_mzb2",1,"Glossiphoniidae"
"Animalia","Annelida","Clitellata","Rhynchobdellida","Glossiphoniidae",NA,NA,1,"leech,longitudinal eyes (stripey with nodules)","x010824_kn11_mzb3",1,"Glossiphoniidae"
"Animalia","Annelida","Clitellata","Rhynchobdellida","Piscicolidae",NA,"Piscicola",1,"fish leech","x310724_kn05_mzb2",1,"Piscicola geometra"
"Animalia","Arthropoda","Arachnida","Araneae","Cybaeidae",NA,"Argyroneta",1,"water spider","x310724_kn06_mzb4",1,"Argyroneta aquatica"
"Animalia","Arthropoda","Arachnida","Araneae","Cybaeidae",NA,"Argyroneta",1,"water spider","x010824_kn13_mzb7",1,"Argyroneta aquatica"
"Animalia","Arthropoda","Arachnida","Acari","Hydrachnidia",NA,NA,1,"mite 1 red","x300724_kn02_mzb3",1,"Hydrachnidia"
"Animalia","Arthropoda","Arachnida","Acari","Hydrachnidia",NA,NA,1,"mite 1 red","x300724_kn03_mzb5",1,"Hydrachnidia"
"Animalia","Arthropoda","Arachnida","Acari","Hydrachnidia",NA,NA,1,"mite 2 blue","x310724_kn05_mzb1",8,"Hydrachnidia"
"Animalia","Arthropoda","Arachnida","Acari","Hydrachnidia",NA,NA,1,"mite 2 blue","x310724_kn05_mzb2",15,"Hydrachnidia"
"Animalia","Arthropoda","Arachnida","Acari","Hydrachnidia",NA,NA,1,"mite 2 blue","x310724_kn06_mzb3",3,"Hydrachnidia"
"Animalia","Arthropoda","Arachnida","Acari","Hydrachnidia",NA,NA,1,"mite 2 blue","x010824_kn12_mzb5",1,"Hydrachnidia"
"Animalia","Arthropoda","Arachnida","Acari","Hydrachnidia",NA,NA,1,"mite 2 blue","x010824_kn12_mzb6",2,"Hydrachnidia"
"Animalia","Arthropoda","Arachnida","Acari","Hydrachnidia",NA,NA,1,"mite 2 blue","x010824_kn13_mzb7",2,"Hydrachnidia"
"Animalia","Arthropoda","Arachnida","Acari","Hydrachnidia",NA,NA,1,"mite 2 blue","x010824_kn13_mzb8",1,"Hydrachnidia"
"Animalia","Arthropoda","Arachnida","Acari","Hydrachnidia",NA,NA,1,"mite 3 v. long legs","x310724_kn05_mzb2",1,"Hydrachnidia"
"Animalia","Arthropoda","Arachnida","Acari","Halacaridae",NA,NA,1,"mite 4 - tufty legs","x010824_kn13_mzb7",1,"Halacaridae"
"Animalia","Arthropoda","Branchiopoda","Diplostraca","Daphniidae",NA,NA,1,"water flea","x300724_kn01_mzb1",18,"Daphniidae"
"Animalia","Arthropoda","Branchiopoda","Diplostraca","Daphniidae",NA,NA,1,"water flea","x300724_kn02_mzb3",2,"Daphniidae"
"Animalia","Arthropoda","Branchiopoda","Diplostraca","Daphniidae",NA,NA,1,"water flea","x300724_kn02_mzb4",5,"Daphniidae"
"Animalia","Arthropoda","Branchiopoda","Diplostraca","Daphniidae",NA,NA,1,"water flea","x300724_kn03_mzb5",3,"Daphniidae"
"Animalia","Arthropoda","Branchiopoda","Diplostraca","Daphniidae",NA,NA,1,"water flea","x300724_kn03_mzb6",1,"Daphniidae"
"Animalia","Arthropoda","Branchiopoda","Diplostraca","Daphniidae",NA,NA,1,"water flea","x300724_kn04_mzb7",1,"Daphniidae"
"Animalia","Arthropoda","Branchiopoda","Diplostraca","Daphniidae",NA,NA,1,"water flea","x310724_kn05_mzb1",33,"Daphniidae"
"Animalia","Arthropoda","Branchiopoda","Diplostraca","Daphniidae",NA,NA,1,"water flea","x310724_kn05_mzb2",240,"Daphniidae"
"Animalia","Arthropoda","Branchiopoda","Diplostraca","Daphniidae",NA,NA,1,"water flea","x310724_kn06_mzb3",6,"Daphniidae"
"Animalia","Arthropoda","Branchiopoda","Diplostraca","Daphniidae",NA,NA,1,"water flea","x310724_kn06_mzb4",45,"Daphniidae"
"Animalia","Arthropoda","Branchiopoda","Diplostraca","Daphniidae",NA,NA,1,"water flea","x310724_kn07_mzb5",1,"Daphniidae"
"Animalia","Arthropoda","Branchiopoda","Diplostraca","Daphniidae",NA,NA,1,"water flea","x310724_kn08_mzb7",38,"Daphniidae"
"Animalia","Arthropoda","Branchiopoda","Diplostraca","Daphniidae",NA,NA,1,"water flea","x310724_kn08_mzb8",100,"Daphniidae"
"Animalia","Arthropoda","Branchiopoda","Diplostraca","Daphniidae",NA,NA,1,"water flea","x310724_kn09_mzb10",2,"Daphniidae"
"Animalia","Arthropoda","Branchiopoda","Diplostraca","Daphniidae",NA,NA,1,"water flea","x010824_kn10_mzb1",71,"Daphniidae"
"Animalia","Arthropoda","Branchiopoda","Diplostraca","Daphniidae",NA,NA,1,"water flea","x010824_kn10_mzb2",60,"Daphniidae"
"Animalia","Arthropoda","Branchiopoda","Diplostraca","Daphniidae",NA,NA,1,"water flea","x010824_kn13_mzb7",44,"Daphniidae"
"Animalia","Arthropoda","Branchiopoda","Diplostraca","Daphniidae",NA,NA,1,"water flea","x010824_kn13_mzb8",23,"Daphniidae"
"Animalia","Arthropoda","Collembola","Entomobryomorpha","Isotomidae",NA,"Podura ",1,"springtail","x310724_kn08_mzb7",9,"Podura aquatica"
"Animalia","Arthropoda","Hexanauplia","Cyclopoida","Cyclopidae",NA,NA,1,"copepods","x300724_kn01_mzb1",1,"Cyclopidae"
"Animalia","Arthropoda","Hexanauplia","Cyclopoida","Cyclopidae",NA,NA,1,"copepods","x300724_kn02_mzb3",11,"Cyclopidae"
"Animalia","Arthropoda","Hexanauplia","Cyclopoida","Cyclopidae",NA,NA,1,"copepods","x300724_kn02_mzb4",30,"Cyclopidae"
"Animalia","Arthropoda","Hexanauplia","Cyclopoida","Cyclopidae",NA,NA,1,"copepods","x300724_kn04_mzb7",4,"Cyclopidae"
"Animalia","Arthropoda","Hexanauplia","Cyclopoida","Cyclopidae",NA,NA,1,"copepods","x310724_kn05_mzb1",32,"Cyclopidae"
"Animalia","Arthropoda","Hexanauplia","Cyclopoida","Cyclopidae",NA,NA,1,"copepods","x310724_kn05_mzb2",12,"Cyclopidae"
"Animalia","Arthropoda","Hexanauplia","Cyclopoida","Cyclopidae",NA,NA,1,"copepods","x310724_kn06_mzb3",12,"Cyclopidae"
"Animalia","Arthropoda","Hexanauplia","Cyclopoida","Cyclopidae",NA,NA,1,"copepods","x310724_kn06_mzb4",36,"Cyclopidae"
"Animalia","Arthropoda","Hexanauplia","Cyclopoida","Cyclopidae",NA,NA,1,"copepods","x010824_kn10_mzb1",68,"Cyclopidae"
"Animalia","Arthropoda","Hexanauplia","Cyclopoida","Cyclopidae",NA,NA,1,"copepods","x010824_kn10_mzb2",80,"Cyclopidae"
"Animalia","Arthropoda","Hexanauplia","Cyclopoida","Cyclopidae",NA,NA,1,"copepods","x010824_kn12_mzb5",2,"Cyclopidae"
"Animalia","Arthropoda","Hexanauplia","Cyclopoida","Cyclopidae",NA,NA,1,"copepods","x010824_kn13_mzb7",3,"Cyclopidae"
"Animalia","Arthropoda","Hexanauplia","Cyclopoida","Cyclopidae",NA,NA,1,"copepods","x010824_kn13_mzb8",4,"Cyclopidae"
"Animalia","Arthropoda","Insecta","Coleoptera","Hydrgrobiidae",NA,"Hygrobia",1,"screech beetle","x310724_kn05_mzb1",2,"Hygrobia hermanni"
"Animalia","Arthropoda","Insecta","Coleoptera","Noteridae",NA,"Noterus",1,NA,"x300724_kn03_mzb5",1,"Noterus"
"Animalia","Arthropoda","Insecta","Coleoptera","Haliplidae",NA,"Peltodytes",1,"crawling water beetle, v.hairy larva","x300724_kn03_mzb5",1,"Peltodytes"
"Animalia","Arthropoda","Insecta","Coleoptera","Haliplidae",NA,"Peltodytes",1,"crawling water beetle, v.hairy larva","x010824_kn13_mzb7",1,"Peltodytes"
"Animalia","Arthropoda","Insecta","Coleoptera","Haliplidae",NA,"Haliplus",1,"crawling water beetle","x310724_kn05_mzb1",1,"Haliplus"
"Animalia","Arthropoda","Insecta","Coleoptera","Haliplidae",NA,"Haliplus",1,"crawling water beetle","x310724_kn06_mzb3",1,"Haliplus"
"Animalia","Arthropoda","Insecta","Coleoptera","Haliplidae",NA,"Haliplus",1,"crawling water beetle","x310724_kn06_mzb4",1,"Haliplus"
"Animalia","Arthropoda","Insecta","Coleoptera","Haliplidae",NA,"Haliplus",1,"crawling water beetle","x010824_kn10_mzb1",2,"Haliplus"
"Animalia","Arthropoda","Insecta","Coleoptera","Haliplidae",NA,"Haliplus",1,"crawling water beetle","x010824_kn10_mzb2",4,"Haliplus"
"Animalia","Arthropoda","Insecta","Coleoptera","Dytiscidae",NA,NA,1,"diving beetles","x300724_kn01_mzb2",1,"Dytiscidae"
"Animalia","Arthropoda","Insecta","Coleoptera","Dytiscidae",NA,NA,1,"diving beetles","x300724_kn02_mzb3",1,"Dytiscidae"
"Animalia","Arthropoda","Insecta","Coleoptera","Dytiscidae",NA,NA,1,"diving beetles","x300724_kn02_mzb4",3,"Dytiscidae"
"Animalia","Arthropoda","Insecta","Coleoptera","Dytiscidae",NA,NA,1,"diving beetles","x300724_kn03_mzb5",3,"Dytiscidae"
"Animalia","Arthropoda","Insecta","Coleoptera","Dytiscidae",NA,NA,1,"diving beetles","x300724_kn03_mzb6",11,"Dytiscidae"
"Animalia","Arthropoda","Insecta","Coleoptera","Dytiscidae",NA,NA,1,"diving beetles","x310724_kn06_mzb4",1,"Dytiscidae"
"Animalia","Arthropoda","Insecta","Coleoptera","Dytiscidae",NA,NA,1,"diving beetles","x310724_kn08_mzb8",1,"Dytiscidae"
"Animalia","Arthropoda","Insecta","Coleoptera","Dytiscidae",NA,NA,1,"diving beetles","x010824_kn10_mzb1",1,"Dytiscidae"
"Animalia","Arthropoda","Insecta","Coleoptera","Dytiscidae",NA,NA,1,"diving beetles","x010824_kn11_mzb3",3,"Dytiscidae"
"Animalia","Arthropoda","Insecta","Coleoptera","Dytiscidae",NA,NA,1,"diving beetles","x010824_kn12_mzb5",1,"Dytiscidae"
"Animalia","Arthropoda","Insecta","Coleoptera","Dytiscidae",NA,NA,1,"diving beetles","x010824_kn13_mzb8",3,"Dytiscidae"
"Animalia","Arthropoda","Insecta","Coleoptera","Hydrophilidae",NA,NA,1,NA,"x310724_kn05_mzb1",1,"Hydrophilidae"
"Animalia","Arthropoda","Insecta","Coleoptera","Spercheidae",NA,NA,1,NA,"x310724_kn05_mzb1",2,"Spercheidae"
"Animalia","Arthropoda","Insecta","Coleoptera","Spercheidae",NA,NA,1,NA,"x310724_kn09_mzb9",2,"Spercheidae"
"Animalia","Arthropoda","Insecta","Coleoptera","Dryopidae",NA,NA,1,NA,"x310724_kn05_mzb1",1,"Dryopidae"
"Animalia","Arthropoda","Insecta","Coleoptera","Elmidae",NA,NA,1,"riffle beetle","x300724_kn03_mzb6",5,"Elmidae"
"Animalia","Arthropoda","Insecta","Coleoptera","Elmidae",NA,NA,1,"riffle beetle","x310724_kn09_mzb10",5,"Elmidae"
"Animalia","Arthropoda","Insecta","Coleoptera","Elmidae",NA,NA,1,"riffle beetle","x010824_kn11_mzb4",6,"Elmidae"
"Animalia","Arthropoda","Insecta","Coleoptera","Elmidae",NA,NA,1,"riffle beetle","x010824_kn13_mzb7",1,"Elmidae"
"Animalia","Arthropoda","Insecta","Coleoptera","Gyrinidae",NA,NA,1,"whirligig beetle","x300724_kn02_mzb4",1,"Gyrinidae"
"Animalia","Arthropoda","Insecta","Coleoptera","Gyrinidae",NA,NA,1,"whirligig beetle","x010824_kn13_mzb8",2,"Gyrinidae"
"Animalia","Arthropoda","Insecta","Coleoptera","Curculionidae",NA,NA,1,"weevils","x010824_kn11_mzb4",1,"Curculionidae"
"Animalia","Arthropoda","Insecta","Diptera","Chaoboridae",NA,"Chaoborus",1,"phantom midges","x300724_kn02_mzb3",2,"Chaoborus"
"Animalia","Arthropoda","Insecta","Diptera","Chaoboridae",NA,"Chaoborus",1,"phantom midges","x300724_kn02_mzb4",5,"Chaoborus"
"Animalia","Arthropoda","Insecta","Diptera","Chaoboridae",NA,"Chaoborus",1,"phantom midges","x300724_kn03_mzb5",1,"Chaoborus"
"Animalia","Arthropoda","Insecta","Diptera","Chaoboridae",NA,"Chaoborus",1,"phantom midges","x310724_kn08_mzb7",3,"Chaoborus"
"Animalia","Arthropoda","Insecta","Diptera","Chaoboridae",NA,"Chaoborus",1,"phantom midges","x310724_kn08_mzb8",20,"Chaoborus"
"Animalia","Arthropoda","Insecta","Diptera","Chaoboridae",NA,"Chaoborus",1,"phantom midges","x010824_kn10_mzb1",47,"Chaoborus"
"Animalia","Arthropoda","Insecta","Diptera","Chaoboridae",NA,"Chaoborus",1,"phantom midges","x010824_kn10_mzb2",31,"Chaoborus"
"Animalia","Arthropoda","Insecta","Diptera","Chironomidae","Chironominae",NA,1,"non biting midges","x300724_kn01_mzb1",7,"Chironomidae"
"Animalia","Arthropoda","Insecta","Diptera","Chironomidae","Chironominae",NA,1,"non biting midges","x300724_kn01_mzb2",22,"Chironomidae"
"Animalia","Arthropoda","Insecta","Diptera","Chironomidae","Chironominae",NA,1,"non biting midges","x300724_kn02_mzb3",12,"Chironomidae"
"Animalia","Arthropoda","Insecta","Diptera","Chironomidae","Chironominae",NA,1,"non biting midges","x300724_kn02_mzb4",9,"Chironomidae"
"Animalia","Arthropoda","Insecta","Diptera","Chironomidae","Chironominae",NA,1,"non biting midges","x300724_kn03_mzb6",2,"Chironomidae"
"Animalia","Arthropoda","Insecta","Diptera","Chironomidae","Chironominae",NA,1,"non biting midges","x300724_kn04_mzb7",23,"Chironomidae"
"Animalia","Arthropoda","Insecta","Diptera","Chironomidae","Chironominae",NA,1,"non biting midges","x300724_kn04_mzb8",5,"Chironomidae"
"Animalia","Arthropoda","Insecta","Diptera","Chironomidae","Chironominae",NA,1,"non biting midges","x310724_kn05_mzb1",6,"Chironomidae"
"Animalia","Arthropoda","Insecta","Diptera","Chironomidae","Chironominae",NA,1,"non biting midges","x310724_kn05_mzb2",5,"Chironomidae"
"Animalia","Arthropoda","Insecta","Diptera","Chironomidae","Chironominae",NA,1,"non biting midges","x310724_kn06_mzb3",17,"Chironomidae"
"Animalia","Arthropoda","Insecta","Diptera","Chironomidae","Chironominae",NA,1,"non biting midges","x310724_kn06_mzb4",16,"Chironomidae"
"Animalia","Arthropoda","Insecta","Diptera","Chironomidae","Chironominae",NA,1,"non biting midges","x310724_kn07_mzb5",20,"Chironomidae"
"Animalia","Arthropoda","Insecta","Diptera","Chironomidae","Chironominae",NA,1,"non biting midges","x310724_kn07_mzb6",2,"Chironomidae"
"Animalia","Arthropoda","Insecta","Diptera","Chironomidae","Chironominae",NA,1,"non biting midges","x310724_kn08_mzb7",15,"Chironomidae"
"Animalia","Arthropoda","Insecta","Diptera","Chironomidae","Chironominae",NA,1,"non biting midges","x310724_kn08_mzb8",3,"Chironomidae"
"Animalia","Arthropoda","Insecta","Diptera","Chironomidae","Chironominae",NA,1,"non biting midges","x310724_kn09_mzb9",38,"Chironomidae"
"Animalia","Arthropoda","Insecta","Diptera","Chironomidae","Chironominae",NA,1,"non biting midges","x310724_kn09_mzb10",8,"Chironomidae"
"Animalia","Arthropoda","Insecta","Diptera","Chironomidae","Chironominae",NA,1,"non biting midges","x010824_kn10_mzb1",23,"Chironomidae"
"Animalia","Arthropoda","Insecta","Diptera","Chironomidae","Chironominae",NA,1,"non biting midges","x010824_kn10_mzb2",21,"Chironomidae"
"Animalia","Arthropoda","Insecta","Diptera","Chironomidae","Chironominae",NA,1,"non biting midges","x010824_kn11_mzb3",1,"Chironomidae"
"Animalia","Arthropoda","Insecta","Diptera","Chironomidae","Chironominae",NA,1,"non biting midges","x010824_kn11_mzb4",7,"Chironomidae"
"Animalia","Arthropoda","Insecta","Diptera","Chironomidae","Chironominae",NA,1,"non biting midges","x010824_kn12_mzb5",26,"Chironomidae"
"Animalia","Arthropoda","Insecta","Diptera","Chironomidae","Chironominae",NA,1,"non biting midges","x010824_kn12_mzb6",16,"Chironomidae"
"Animalia","Arthropoda","Insecta","Diptera","Chironomidae","Chironominae",NA,1,"non biting midges","x010824_kn13_mzb7",15,"Chironomidae"
"Animalia","Arthropoda","Insecta","Diptera","Chironomidae","Chironominae",NA,1,"non biting midges","x010824_kn13_mzb8",16,"Chironomidae"
"Animalia","Arthropoda","Insecta","Diptera","Chironomidae","Tanypodinae",NA,1,"non biting midges","x300724_kn01_mzb1",4,"Chironomidae"
"Animalia","Arthropoda","Insecta","Diptera","Chironomidae","Tanypodinae",NA,1,"non biting midges","x300724_kn01_mzb2",5,"Chironomidae"
"Animalia","Arthropoda","Insecta","Diptera","Chironomidae","Tanypodinae",NA,1,"non biting midges","x300724_kn02_mzb3",8,"Chironomidae"
"Animalia","Arthropoda","Insecta","Diptera","Chironomidae","Tanypodinae",NA,1,"non biting midges","x300724_kn03_mzb5",12,"Chironomidae"
"Animalia","Arthropoda","Insecta","Diptera","Chironomidae","Tanypodinae",NA,1,"non biting midges","x300724_kn03_mzb6",12,"Chironomidae"
"Animalia","Arthropoda","Insecta","Diptera","Chironomidae","Tanypodinae",NA,1,"non biting midges","x300724_kn04_mzb7",3,"Chironomidae"
"Animalia","Arthropoda","Insecta","Diptera","Chironomidae","Tanypodinae",NA,1,"non biting midges","x300724_kn04_mzb8",1,"Chironomidae"
"Animalia","Arthropoda","Insecta","Diptera","Chironomidae","Tanypodinae",NA,1,"non biting midges","x310724_kn05_mzb1",1,"Chironomidae"
"Animalia","Arthropoda","Insecta","Diptera","Chironomidae","Tanypodinae",NA,1,"non biting midges","x310724_kn05_mzb2",2,"Chironomidae"
"Animalia","Arthropoda","Insecta","Diptera","Chironomidae","Tanypodinae",NA,1,"non biting midges","x310724_kn06_mzb3",3,"Chironomidae"
"Animalia","Arthropoda","Insecta","Diptera","Chironomidae","Tanypodinae",NA,1,"non biting midges","x310724_kn07_mzb5",9,"Chironomidae"
"Animalia","Arthropoda","Insecta","Diptera","Chironomidae","Tanypodinae",NA,1,"non biting midges","x310724_kn07_mzb6",4,"Chironomidae"
"Animalia","Arthropoda","Insecta","Diptera","Chironomidae","Tanypodinae",NA,1,"non biting midges","x310724_kn09_mzb9",23,"Chironomidae"
"Animalia","Arthropoda","Insecta","Diptera","Chironomidae","Tanypodinae",NA,1,"non biting midges","x310724_kn09_mzb10",2,"Chironomidae"
"Animalia","Arthropoda","Insecta","Diptera","Chironomidae","Tanypodinae",NA,1,"non biting midges","x010824_kn10_mzb1",1,"Chironomidae"
"Animalia","Arthropoda","Insecta","Diptera","Chironomidae","Tanypodinae",NA,1,"non biting midges","x010824_kn10_mzb2",2,"Chironomidae"
"Animalia","Arthropoda","Insecta","Diptera","Chironomidae","Tanypodinae",NA,1,"non biting midges","x010824_kn11_mzb3",3,"Chironomidae"
"Animalia","Arthropoda","Insecta","Diptera","Chironomidae","Tanypodinae",NA,1,"non biting midges","x010824_kn12_mzb5",29,"Chironomidae"
"Animalia","Arthropoda","Insecta","Diptera","Chironomidae","Tanypodinae",NA,1,"non biting midges","x010824_kn12_mzb6",11,"Chironomidae"
"Animalia","Arthropoda","Insecta","Diptera","Chironomidae","Tanypodinae",NA,1,"non biting midges","x010824_kn13_mzb7",2,"Chironomidae"
"Animalia","Arthropoda","Insecta","Diptera","Chironomidae","Tanypodinae",NA,1,"non biting midges","x010824_kn13_mzb8",13,"Chironomidae"
"Animalia","Arthropoda","Insecta","Diptera","Psychodidae",NA,NA,1,"moth flies or owl midges","x300724_kn02_mzb3",1,"Psychodidae"
"Animalia","Arthropoda","Insecta","Diptera","Psychodidae",NA,NA,1,"moth flies or owl midges","x300724_kn03_mzb6",1,"Psychodidae"
"Animalia","Arthropoda","Insecta","Diptera","Psychodidae",NA,NA,1,"moth flies or owl midges","x010824_kn12_mzb5",1,"Psychodidae"
"Animalia","Arthropoda","Insecta","Diptera","Limoniidae",NA,"Helius",1,"limonid craneflies","x300724_kn03_mzb6",1,"Helius"
"Animalia","Arthropoda","Insecta","Diptera","Limoniidae",NA,"Helius",1,"limonid craneflies","x010824_kn13_mzb7",1,"Helius"
"Animalia","Arthropoda","Insecta","Diptera","Culicidae",NA,NA,1,"mosquitoes","x300724_kn02_mzb4",2,"Culicidae"
"Animalia","Arthropoda","Insecta","Diptera","Culicidae",NA,NA,1,"mosquitoes","x300724_kn03_mzb5",1,"Culicidae"
"Animalia","Arthropoda","Insecta","Diptera","Culicidae",NA,NA,1,"mosquitoes","x300724_kn03_mzb6",2,"Culicidae"
"Animalia","Arthropoda","Insecta","Diptera","Culicidae",NA,NA,1,"mosquitoes","x310724_kn05_mzb1",7,"Culicidae"
"Animalia","Arthropoda","Insecta","Diptera","Culicidae",NA,NA,1,"mosquitoes","x310724_kn05_mzb2",6,"Culicidae"
"Animalia","Arthropoda","Insecta","Diptera","Culicidae",NA,NA,1,"mosquitoes","x310724_kn06_mzb3",1,"Culicidae"
"Animalia","Arthropoda","Insecta","Diptera","Culicidae",NA,NA,1,"mosquitoes","x310724_kn06_mzb4",1,"Culicidae"
"Animalia","Arthropoda","Insecta","Diptera","Dixidae",NA,"Dixa",1,"meniscus midges","x300724_kn03_mzb5",3,"Dixa"
"Animalia","Arthropoda","Insecta","Diptera","Dixidae",NA,"Dixa",1,"meniscus midges","x310724_kn07_mzb5",1,"Dixa"
"Animalia","Arthropoda","Insecta","Diptera","Dixidae",NA,"Dixa",1,"meniscus midges","x010824_kn13_mzb7",2,"Dixa"
"Animalia","Arthropoda","Insecta","Diptera","Ceratopogonidae",NA,"Dasyhelea",1,"biting midges","x300724_kn03_mzb6",1,"Dasyhelea"
"Animalia","Arthropoda","Insecta","Diptera","Ceratopogonidae",NA,"Dasyhelea",1,"biting midges","x310724_kn08_mzb7",1,"Dasyhelea"
"Animalia","Arthropoda","Insecta","Diptera","Ceratopogonidae",NA,"Dasyhelea",1,"biting midges","x310724_kn09_mzb10",1,"Dasyhelea"
"Animalia","Arthropoda","Insecta","Diptera","Tabanidae",NA,"Tabanus",1,"horseflies & deerflies","x310724_kn09_mzb10",2,"Tabanus"
"Animalia","Arthropoda","Insecta","Ephemeroptera","Baetidae",NA,"Cloeon",1,"mayflies","x300724_kn01_mzb1",3,"Cloeon dipterum"
"Animalia","Arthropoda","Insecta","Ephemeroptera","Baetidae",NA,"Cloeon",1,"mayflies","x300724_kn01_mzb2",5,"Cloeon dipterum"
"Animalia","Arthropoda","Insecta","Ephemeroptera","Baetidae",NA,"Cloeon",1,"mayflies","x300724_kn02_mzb4",1,"Cloeon dipterum"
"Animalia","Arthropoda","Insecta","Ephemeroptera","Baetidae",NA,"Cloeon",1,"mayflies","x300724_kn03_mzb5",23,"Cloeon dipterum"
"Animalia","Arthropoda","Insecta","Ephemeroptera","Baetidae",NA,"Cloeon",1,"mayflies","x300724_kn03_mzb6",1,"Cloeon dipterum"
"Animalia","Arthropoda","Insecta","Ephemeroptera","Baetidae",NA,"Cloeon",1,"mayflies","x300724_kn04_mzb7",1,"Cloeon dipterum"
"Animalia","Arthropoda","Insecta","Ephemeroptera","Baetidae",NA,"Cloeon",1,"mayflies","x310724_kn05_mzb1",29,"Cloeon dipterum"
"Animalia","Arthropoda","Insecta","Ephemeroptera","Baetidae",NA,"Cloeon",1,"mayflies","x310724_kn05_mzb2",8,"Cloeon dipterum"
"Animalia","Arthropoda","Insecta","Ephemeroptera","Baetidae",NA,"Cloeon",1,"mayflies","x310724_kn06_mzb3",1,"Cloeon dipterum"
"Animalia","Arthropoda","Insecta","Ephemeroptera","Baetidae",NA,"Cloeon",1,"mayflies","x310724_kn06_mzb4",1,"Cloeon dipterum"
"Animalia","Arthropoda","Insecta","Ephemeroptera","Baetidae",NA,"Cloeon",1,"mayflies","x310724_kn07_mzb5",6,"Cloeon dipterum"
"Animalia","Arthropoda","Insecta","Ephemeroptera","Baetidae",NA,"Cloeon",1,"mayflies","x310724_kn07_mzb6",1,"Cloeon dipterum"
"Animalia","Arthropoda","Insecta","Ephemeroptera","Baetidae",NA,"Cloeon",1,"mayflies","x310724_kn09_mzb10",6,"Cloeon dipterum"
"Animalia","Arthropoda","Insecta","Ephemeroptera","Baetidae",NA,"Cloeon",1,"mayflies","x010824_kn10_mzb1",4,"Cloeon dipterum"
"Animalia","Arthropoda","Insecta","Ephemeroptera","Baetidae",NA,"Cloeon",1,"mayflies","x010824_kn10_mzb2",1,"Cloeon dipterum"
"Animalia","Arthropoda","Insecta","Ephemeroptera","Baetidae",NA,"Cloeon",1,"mayflies","x010824_kn11_mzb3",3,"Cloeon dipterum"
"Animalia","Arthropoda","Insecta","Ephemeroptera","Baetidae",NA,"Cloeon",1,"mayflies","x010824_kn11_mzb4",4,"Cloeon dipterum"
"Animalia","Arthropoda","Insecta","Ephemeroptera","Baetidae",NA,"Cloeon",1,"mayflies","x010824_kn13_mzb7",7,"Cloeon dipterum"
"Animalia","Arthropoda","Insecta","Ephemeroptera","Caenidae",NA,"Caenis",1,"mayflies","x310724_kn05_mzb1",3,"Caenis horaria"
"Animalia","Arthropoda","Insecta","Ephemeroptera","Caenidae",NA,"Caenis",1,"mayflies","x310724_kn05_mzb2",2,"Caenis horaria"
"Animalia","Arthropoda","Insecta","Hemiptera","Notonectidae",NA,"Notonecta",1,"greater water boatman","x300724_kn03_mzb6",2,"Notonecta"
"Animalia","Arthropoda","Insecta","Hemiptera","Notonectidae",NA,"Notonecta",1,"greater water boatman","x310724_kn05_mzb1",1,"Notonecta"
"Animalia","Arthropoda","Insecta","Hemiptera","Notonectidae",NA,"Notonecta",1,"greater water boatman","x310724_kn06_mzb4",3,"Notonecta"
"Animalia","Arthropoda","Insecta","Hemiptera","Notonectidae",NA,"Notonecta",1,"greater water boatman","x310724_kn07_mzb6",1,"Notonecta"
"Animalia","Arthropoda","Insecta","Hemiptera","Corixidae",NA,NA,1,"lesser water boatman","x300724_kn02_mzb3",3,"Corixidae"
"Animalia","Arthropoda","Insecta","Hemiptera","Corixidae",NA,NA,1,"lesser water boatman","x300724_kn02_mzb4",5,"Corixidae"
"Animalia","Arthropoda","Insecta","Hemiptera","Corixidae",NA,NA,1,"lesser water boatman","x300724_kn03_mzb5",9,"Corixidae"
"Animalia","Arthropoda","Insecta","Hemiptera","Corixidae",NA,NA,1,"lesser water boatman","x300724_kn03_mzb6",1,"Corixidae"
"Animalia","Arthropoda","Insecta","Hemiptera","Corixidae",NA,NA,1,"lesser water boatman","x310724_kn05_mzb1",66,"Corixidae"
"Animalia","Arthropoda","Insecta","Hemiptera","Corixidae",NA,NA,1,"lesser water boatman","x310724_kn05_mzb2",141,"Corixidae"
"Animalia","Arthropoda","Insecta","Hemiptera","Corixidae",NA,NA,1,"lesser water boatman","x310724_kn06_mzb3",31,"Corixidae"
"Animalia","Arthropoda","Insecta","Hemiptera","Corixidae",NA,NA,1,"lesser water boatman","x310724_kn06_mzb4",19,"Corixidae"
"Animalia","Arthropoda","Insecta","Hemiptera","Corixidae",NA,NA,1,"lesser water boatman","x310724_kn07_mzb5",4,"Corixidae"
"Animalia","Arthropoda","Insecta","Hemiptera","Corixidae",NA,NA,1,"lesser water boatman","x010824_kn10_mzb1",2,"Corixidae"
"Animalia","Arthropoda","Insecta","Hemiptera","Corixidae",NA,NA,1,"lesser water boatman","x010824_kn10_mzb2",3,"Corixidae"
"Animalia","Arthropoda","Insecta","Hemiptera","Corixidae",NA,NA,1,"lesser water boatman","x010824_kn13_mzb7",1,"Corixidae"
"Animalia","Arthropoda","Insecta","Hemiptera","Pleidae",NA,"Plea",2,NA,"x300724_kn03_mzb5",10,"Plea minutissima"
"Animalia","Arthropoda","Insecta","Hemiptera","Pleidae",NA,"Plea",2,NA,"x300724_kn03_mzb6",1,"Plea minutissima"
"Animalia","Arthropoda","Insecta","Hemiptera","Nepidae",NA,"Nepa",1,"water scorpion","x310724_kn07_mzb6",1,"Nepa cinerea"
"Animalia","Arthropoda","Insecta","Hemiptera","Gerridae",NA,NA,1,"pond skater","x300724_kn03_mzb6",1,"Gerridae"
"Animalia","Arthropoda","Insecta","Hemiptera","Gerridae",NA,NA,1,"pond skater","x310724_kn05_mzb1",13,"Gerridae"
"Animalia","Arthropoda","Insecta","Hemiptera","Gerridae",NA,NA,1,"pond skater","x310724_kn06_mzb3",1,"Gerridae"
"Animalia","Arthropoda","Insecta","Hemiptera","Gerridae",NA,NA,1,"pond skater","x310724_kn06_mzb4",1,"Gerridae"
"Animalia","Arthropoda","Insecta","Hemiptera","Gerridae",NA,NA,1,"pond skater","x010824_kn13_mzb7",1,"Gerridae"
"Animalia","Arthropoda","Insecta","Hemiptera","Mesovellidae",NA,"Mesovelia",1,NA,"x310724_kn05_mzb1",5,"Mesovelia furcata"
"Animalia+A42:AC42","Arthropoda","Insecta","Hemiptera","Naucoridae",NA,"Ilyocoris",1,"saucer bug","x300724_kn03_mzb5",1,"Ilyocoris cimicoides"
"Animalia+A42:AC42","Arthropoda","Insecta","Hemiptera","Naucoridae",NA,"Ilyocoris",1,"saucer bug","x300724_kn03_mzb6",2,"Ilyocoris cimicoides"
"Animalia+A42:AC42","Arthropoda","Insecta","Hemiptera","Naucoridae",NA,"Ilyocoris",1,"saucer bug","x310724_kn05_mzb1",31,"Ilyocoris cimicoides"
"Animalia+A42:AC42","Arthropoda","Insecta","Hemiptera","Naucoridae",NA,"Ilyocoris",1,"saucer bug","x310724_kn05_mzb2",9,"Ilyocoris cimicoides"
"Animalia+A42:AC42","Arthropoda","Insecta","Hemiptera","Naucoridae",NA,"Ilyocoris",1,"saucer bug","x310724_kn06_mzb4",1,"Ilyocoris cimicoides"
"Animalia","Arthropoda","Insecta","Megaloptera","Sialidae",NA,"Sialis",2,"alderfly larva","x300724_kn01_mzb1",1,"Sialis lutaria"
"Animalia","Arthropoda","Insecta","Megaloptera","Sialidae",NA,"Sialis",2,"alderfly larva","x300724_kn01_mzb2",2,"Sialis lutaria"
"Animalia","Arthropoda","Insecta","Megaloptera","Sialidae",NA,"Sialis",2,"alderfly larva","x300724_kn02_mzb3",1,"Sialis lutaria"
"Animalia","Arthropoda","Insecta","Megaloptera","Sialidae",NA,"Sialis",2,"alderfly larva","x300724_kn02_mzb4",2,"Sialis lutaria"
"Animalia","Arthropoda","Insecta","Megaloptera","Sialidae",NA,"Sialis",2,"alderfly larva","x300724_kn03_mzb5",1,"Sialis lutaria"
"Animalia","Arthropoda","Insecta","Megaloptera","Sialidae",NA,"Sialis",2,"alderfly larva","x310724_kn06_mzb3",2,"Sialis lutaria"
"Animalia","Arthropoda","Insecta","Megaloptera","Sialidae",NA,"Sialis",2,"alderfly larva","x310724_kn06_mzb4",2,"Sialis lutaria"
"Animalia","Arthropoda","Insecta","Megaloptera","Sialidae",NA,"Sialis",2,"alderfly larva","x310724_kn07_mzb5",10,"Sialis lutaria"
"Animalia","Arthropoda","Insecta","Megaloptera","Sialidae",NA,"Sialis",2,"alderfly larva","x310724_kn07_mzb6",4,"Sialis lutaria"
"Animalia","Arthropoda","Insecta","Megaloptera","Sialidae",NA,"Sialis",2,"alderfly larva","x310724_kn09_mzb9",4,"Sialis lutaria"
"Animalia","Arthropoda","Insecta","Megaloptera","Sialidae",NA,"Sialis",2,"alderfly larva","x310724_kn09_mzb10",1,"Sialis lutaria"
"Animalia","Arthropoda","Insecta","Megaloptera","Sialidae",NA,"Sialis",2,"alderfly larva","x010824_kn10_mzb1",2,"Sialis lutaria"
"Animalia","Arthropoda","Insecta","Megaloptera","Sialidae",NA,"Sialis",2,"alderfly larva","x010824_kn11_mzb3",1,"Sialis lutaria"
"Animalia","Arthropoda","Insecta","Megaloptera","Sialidae",NA,"Sialis",2,"alderfly larva","x010824_kn12_mzb5",3,"Sialis lutaria"
"Animalia","Arthropoda","Insecta","Megaloptera","Sialidae",NA,"Sialis",2,"alderfly larva","x010824_kn13_mzb8",2,"Sialis lutaria"
"Animalia","Arthropoda","Insecta","Odonata","Aeshnidae",NA,"Aeshna",4,"common brown hawker","x010824_kn10_mzb2",1,"Aeshna juncea"
"Animalia","Arthropoda","Insecta","Odonata","Aeshnidae",NA,"Aeshna",1,"southern hawker","x010824_kn10_mzb1",2,"Aeshna cyanea"
"Animalia","Arthropoda","Insecta","Odonata","Libellulidae",NA,"Libellula",1,"scarce chaser","x310724_kn06_mzb3",1,"Libellula fulva"
"Animalia","Arthropoda","Insecta","Odonata","Libellulidae",NA,NA,1,"unknown dragonfly 'chaser' nymph","x310724_kn05_mzb2",1,"Libellulidae"
"Animalia","Arthropoda","Insecta","Odonata","Libellulidae",NA,"Libellula",1,"broad bodied chaser","x300724_kn03_mzb5",1,"Libellula depressa"
"Animalia","Arthropoda","Insecta","Odonata","Libellulidae",NA,"Libellula",1,"broad bodied chaser","x300724_kn03_mzb6",1,"Libellula depressa"
"Animalia","Arthropoda","Insecta","Odonata","Coenagrionidae",NA,"Coenagrion",1,"azure damselfly","x010824_kn10_mzb1",11,"Coenagrion puella"
"Animalia","Arthropoda","Insecta","Odonata","Coenagrionidae",NA,"Coenagrion",1,"azure damselfly","x010824_kn10_mzb2",2,"Coenagrion puella"
"Animalia","Arthropoda","Insecta","Odonata","Coenagrionidae",NA,"Enallagma",1,"common blue damselfly","x300724_kn03_mzb6",3,"Enallagma cyathigerum"
"Animalia","Arthropoda","Insecta","Odonata","Coenagrionidae",NA,"Enallagma",1,"common blue damselfly","x310724_kn05_mzb1",1,"Enallagma cyathigerum"
"Animalia","Arthropoda","Insecta","Odonata","Coenagrionidae",NA,"Enallagma",1,"common blue damselfly","x010824_kn10_mzb1",1,"Enallagma cyathigerum"
"Animalia","Arthropoda","Insecta","Odonata","Coenagrionidae",NA,"Ischnura",1,"blue tailed damselfly","x300724_kn01_mzb1",1,"Ischnura elegans"
"Animalia","Arthropoda","Insecta","Odonata","Coenagrionidae",NA,"Ischnura",1,"blue tailed damselfly","x310724_kn05_mzb1",10,"Ischnura elegans"
"Animalia","Arthropoda","Insecta","Odonata","Coenagrionidae",NA,"Ischnura",1,"blue tailed damselfly","x310724_kn05_mzb2",5,"Ischnura elegans"
"Animalia","Arthropoda","Insecta","Odonata","Coenagrionidae",NA,"Ischnura",1,"blue tailed damselfly","x310724_kn06_mzb4",2,"Ischnura elegans"
"Animalia","Arthropoda","Insecta","Odonata","Coenagrionidae",NA,"Ischnura",1,"blue tailed damselfly","x010824_kn10_mzb1",1,"Ischnura elegans"
"Animalia","Arthropoda","Insecta","Odonata","Coenagrionidae",NA,"Ischnura",1,"blue tailed damselfly","x010824_kn10_mzb2",2,"Ischnura elegans"
"Animalia","Arthropoda","Insecta","Odonata","Coenagrionidae",NA,"Erythromma",1,"red eyed damselfly","x310724_kn06_mzb3",1,"Erythromma najas"
"Animalia","Arthropoda","Insecta","Odonata","Coenagrionidae",NA,NA,1,"unknown damselfly nymph","x300724_kn03_mzb5",8,"Coenagrionidae"
"Animalia","Arthropoda","Insecta","Odonata","Coenagrionidae",NA,NA,1,"unknown damselfly nymph","x300724_kn03_mzb6",6,"Coenagrionidae"
"Animalia","Arthropoda","Insecta","Odonata","Coenagrionidae",NA,NA,1,"unknown damselfly nymph","x310724_kn05_mzb1",26,"Coenagrionidae"
"Animalia","Arthropoda","Insecta","Odonata","Coenagrionidae",NA,NA,1,"unknown damselfly nymph","x310724_kn05_mzb2",11,"Coenagrionidae"
"Animalia","Arthropoda","Insecta","Odonata","Coenagrionidae",NA,NA,1,"unknown damselfly nymph","x310724_kn06_mzb4",3,"Coenagrionidae"
"Animalia","Arthropoda","Insecta","Odonata","Coenagrionidae",NA,NA,1,"unknown damselfly nymph","x010824_kn10_mzb1",24,"Coenagrionidae"
"Animalia","Arthropoda","Insecta","Odonata","Coenagrionidae",NA,NA,1,"unknown damselfly nymph","x010824_kn10_mzb2",14,"Coenagrionidae"
"Animalia","Arthropoda","Insecta","Odonata","Coenagrionidae",NA,NA,1,"unknown damselfly nymph","x010824_kn13_mzb8",1,"Coenagrionidae"
"Animalia","Arthropoda","Insecta","Odonata","Calopterygidae",NA,"Calopteryx",1,"banded demoiselle","x300724_kn01_mzb1",1,"Calopteryx splendens"
"Animalia","Arthropoda","Insecta","Odonata","Calopterygidae",NA,"Calopteryx",1,"banded demoiselle","x300724_kn01_mzb2",3,"Calopteryx splendens"
"Animalia","Arthropoda","Insecta","Trichoptera","Leptoceridae",NA,NA,1,"caddis fly","x300724_kn01_mzb1",10,"Leptoceridae"
"Animalia","Arthropoda","Insecta","Trichoptera","Leptoceridae",NA,NA,1,"caddis fly","x300724_kn01_mzb2",10,"Leptoceridae"
"Animalia","Arthropoda","Insecta","Trichoptera","Leptoceridae",NA,NA,1,"caddis fly","x300724_kn02_mzb3",1,"Leptoceridae"
"Animalia","Arthropoda","Insecta","Trichoptera","Leptoceridae",NA,NA,1,"caddis fly","x300724_kn03_mzb6",1,"Leptoceridae"
"Animalia","Arthropoda","Insecta","Trichoptera","Leptoceridae",NA,NA,1,"caddis fly","x300724_kn04_mzb7",1,"Leptoceridae"
"Animalia","Arthropoda","Insecta","Trichoptera","Leptoceridae",NA,NA,1,"caddis fly","x310724_kn05_mzb1",22,"Leptoceridae"
"Animalia","Arthropoda","Insecta","Trichoptera","Leptoceridae",NA,NA,1,"caddis fly","x310724_kn05_mzb2",1,"Leptoceridae"
"Animalia","Arthropoda","Insecta","Trichoptera","Leptoceridae",NA,NA,1,"caddis fly","x310724_kn06_mzb3",3,"Leptoceridae"
"Animalia","Arthropoda","Insecta","Trichoptera","Leptoceridae",NA,NA,1,"caddis fly","x310724_kn06_mzb4",2,"Leptoceridae"
"Animalia","Arthropoda","Insecta","Trichoptera","Leptoceridae",NA,NA,1,"caddis fly","x310724_kn07_mzb5",21,"Leptoceridae"
"Animalia","Arthropoda","Insecta","Trichoptera","Leptoceridae",NA,NA,1,"caddis fly","x310724_kn09_mzb9",10,"Leptoceridae"
"Animalia","Arthropoda","Insecta","Trichoptera","Leptoceridae",NA,NA,1,"caddis fly","x310724_kn09_mzb10",1,"Leptoceridae"
"Animalia","Arthropoda","Insecta","Trichoptera","Leptoceridae",NA,NA,1,"caddis fly","x010824_kn10_mzb1",1,"Leptoceridae"
"Animalia","Arthropoda","Insecta","Trichoptera","Leptoceridae",NA,NA,1,"caddis fly","x010824_kn11_mzb3",4,"Leptoceridae"
"Animalia","Arthropoda","Insecta","Trichoptera","Leptoceridae",NA,NA,1,"caddis fly","x010824_kn11_mzb4",3,"Leptoceridae"
"Animalia","Arthropoda","Insecta","Trichoptera","Leptoceridae",NA,NA,1,"caddis fly","x010824_kn12_mzb5",13,"Leptoceridae"
"Animalia","Arthropoda","Insecta","Trichoptera","Limnephilidae",NA,NA,1,"caddis fly","x310724_kn09_mzb10",21,"Limnephilidae"
"Animalia","Arthropoda","Insecta","Trichoptera","Limnephilidae",NA,NA,1,"caddis fly","x010824_kn11_mzb4",1,"Limnephilidae"
"Animalia","Arthropoda","Insecta","Trichoptera","Limnephilidae",NA,NA,1,"caddis fly","x010824_kn13_mzb8",2,"Limnephilidae"
"Animalia","Arthropoda","Insecta","Trichoptera","Polycentropodidae",NA,NA,1,"caddis fly","x300724_kn01_mzb1",5,"Polycentropodidae"
"Animalia","Arthropoda","Insecta","Trichoptera","Polycentropodidae",NA,NA,1,"caddis fly","x300724_kn01_mzb2",3,"Polycentropodidae"
"Animalia","Arthropoda","Insecta","Trichoptera","Polycentropodidae",NA,NA,1,"caddis fly","x310724_kn05_mzb2",2,"Polycentropodidae"
"Animalia","Arthropoda","Insecta","Trichoptera","Polycentropodidae",NA,NA,1,"caddis fly","x310724_kn06_mzb3",1,"Polycentropodidae"
"Animalia","Arthropoda","Insecta","Trichoptera","Polycentropodidae",NA,NA,1,"caddis fly","x310724_kn06_mzb4",2,"Polycentropodidae"
"Animalia","Arthropoda","Insecta","Trichoptera","Psychomidae",NA,NA,1,"caddis fly","x010824_kn13_mzb8",1,"Psychomidae"
"Animalia","Arthropoda","Insecta","Trichoptera","Hydroptilidae",NA,NA,1,"caddis fly, purse casemaker ","x310724_kn05_mzb2",6,"Hydroptilidae"
"Animalia","Arthropoda","Insecta","Trichoptera","Hydroptilidae",NA,NA,1,"caddis fly, purse casemaker ","x310724_kn06_mzb3",1,"Hydroptilidae"
"Animalia","Arthropoda","Insecta","Trichoptera","Hydroptilidae",NA,NA,1,"caddis fly, purse casemaker ","x310724_kn06_mzb4",6,"Hydroptilidae"
"Animalia","Arthropoda","Insecta","Trichoptera","Philopotamidae",NA,NA,1,"finger-net caddis fly","x310724_kn09_mzb9",2,"Philopotamidae"
"Animalia","Arthropoda","Malacostraca","Amphipoda","Crangonyctidae",NA,"Crangonyx",1,"freshwater shrimp","x300724_kn02_mzb3",10,"Crangonyx floridanus"
"Animalia","Arthropoda","Malacostraca","Amphipoda","Crangonyctidae",NA,"Crangonyx",1,"freshwater shrimp","x300724_kn02_mzb4",15,"Crangonyx floridanus"
"Animalia","Arthropoda","Malacostraca","Amphipoda","Crangonyctidae",NA,"Crangonyx",1,"freshwater shrimp","x300724_kn03_mzb5",16,"Crangonyx floridanus"
"Animalia","Arthropoda","Malacostraca","Amphipoda","Crangonyctidae",NA,"Crangonyx",1,"freshwater shrimp","x300724_kn03_mzb6",3,"Crangonyx floridanus"
"Animalia","Arthropoda","Malacostraca","Amphipoda","Crangonyctidae",NA,"Crangonyx",1,"freshwater shrimp","x300724_kn04_mzb7",1,"Crangonyx floridanus"
"Animalia","Arthropoda","Malacostraca","Amphipoda","Crangonyctidae",NA,"Crangonyx",1,"freshwater shrimp","x300724_kn04_mzb8",1,"Crangonyx floridanus"
"Animalia","Arthropoda","Malacostraca","Amphipoda","Crangonyctidae",NA,"Crangonyx",1,"freshwater shrimp","x310724_kn05_mzb1",20,"Crangonyx floridanus"
"Animalia","Arthropoda","Malacostraca","Amphipoda","Crangonyctidae",NA,"Crangonyx",1,"freshwater shrimp","x310724_kn05_mzb2",6,"Crangonyx floridanus"
"Animalia","Arthropoda","Malacostraca","Amphipoda","Crangonyctidae",NA,"Crangonyx",1,"freshwater shrimp","x310724_kn06_mzb3",51,"Crangonyx floridanus"
"Animalia","Arthropoda","Malacostraca","Amphipoda","Crangonyctidae",NA,"Crangonyx",1,"freshwater shrimp","x310724_kn06_mzb4",58,"Crangonyx floridanus"
"Animalia","Arthropoda","Malacostraca","Amphipoda","Crangonyctidae",NA,"Crangonyx",1,"freshwater shrimp","x310724_kn07_mzb5",13,"Crangonyx floridanus"
"Animalia","Arthropoda","Malacostraca","Amphipoda","Crangonyctidae",NA,"Crangonyx",1,"freshwater shrimp","x310724_kn08_mzb7",42,"Crangonyx floridanus"
"Animalia","Arthropoda","Malacostraca","Amphipoda","Crangonyctidae",NA,"Crangonyx",1,"freshwater shrimp","x310724_kn08_mzb8",39,"Crangonyx floridanus"
"Animalia","Arthropoda","Malacostraca","Amphipoda","Crangonyctidae",NA,"Crangonyx",1,"freshwater shrimp","x010824_kn10_mzb1",11,"Crangonyx floridanus"
"Animalia","Arthropoda","Malacostraca","Amphipoda","Crangonyctidae",NA,"Crangonyx",1,"freshwater shrimp","x010824_kn10_mzb2",3,"Crangonyx floridanus"
"Animalia","Arthropoda","Malacostraca","Amphipoda","Crangonyctidae",NA,"Crangonyx",1,"freshwater shrimp","x010824_kn12_mzb5",1,"Crangonyx floridanus"
"Animalia","Arthropoda","Malacostraca","Amphipoda","Crangonyctidae",NA,"Crangonyx",1,"freshwater shrimp","x010824_kn12_mzb6",2,"Crangonyx floridanus"
"Animalia","Arthropoda","Malacostraca","Amphipoda","Crangonyctidae",NA,"Crangonyx",1,"freshwater shrimp","x010824_kn13_mzb7",1,"Crangonyx floridanus"
"Animalia","Arthropoda","Malacostraca","Amphipoda","Gammaridae",NA,"Gammarus",1,"freshwater shrimp","x300724_kn04_mzb7",2,"Gammarus pulex"
"Animalia","Arthropoda","Malacostraca","Amphipoda","Gammaridae",NA,"Gammarus",1,"freshwater shrimp","x300724_kn04_mzb8",1,"Gammarus pulex"
"Animalia","Arthropoda","Malacostraca","Amphipoda","Gammaridae",NA,"Gammarus",1,"freshwater shrimp","x310724_kn09_mzb9",3,"Gammarus pulex"
"Animalia","Arthropoda","Malacostraca","Amphipoda","Gammaridae",NA,"Gammarus",1,"freshwater shrimp","x310724_kn09_mzb10",67,"Gammarus pulex"
"Animalia","Arthropoda","Malacostraca","Amphipoda","Gammaridae",NA,"Gammarus",1,"freshwater shrimp","x010824_kn11_mzb3",126,"Gammarus pulex"
"Animalia","Arthropoda","Malacostraca","Amphipoda","Gammaridae",NA,"Gammarus",1,"freshwater shrimp","x010824_kn11_mzb4",76,"Gammarus pulex"
"Animalia","Arthropoda","Malacostraca","Amphipoda","Gammaridae",NA,"Gammarus",1,"freshwater shrimp","x010824_kn13_mzb7",8,"Gammarus pulex"
"Animalia","Arthropoda","Malacostraca","Isopoda","Asellidae",NA,"Asellus",4,"hoglouse","x300724_kn02_mzb3",2,"Asellus aquaticus"
"Animalia","Arthropoda","Malacostraca","Isopoda","Asellidae",NA,"Asellus",4,"hoglouse","x300724_kn04_mzb7",4,"Asellus aquaticus"
"Animalia","Arthropoda","Malacostraca","Isopoda","Asellidae",NA,"Asellus",4,"hoglouse","x300724_kn04_mzb8",1,"Asellus aquaticus"
"Animalia","Arthropoda","Malacostraca","Isopoda","Asellidae",NA,"Asellus",4,"hoglouse","x310724_kn06_mzb3",4,"Asellus aquaticus"
"Animalia","Arthropoda","Malacostraca","Isopoda","Asellidae",NA,"Asellus",4,"hoglouse","x310724_kn06_mzb4",1,"Asellus aquaticus"
"Animalia","Arthropoda","Malacostraca","Isopoda","Asellidae",NA,"Asellus",4,"hoglouse","x310724_kn07_mzb5",4,"Asellus aquaticus"
"Animalia","Arthropoda","Malacostraca","Isopoda","Asellidae",NA,"Asellus",4,"hoglouse","x310724_kn07_mzb6",3,"Asellus aquaticus"
"Animalia","Arthropoda","Malacostraca","Isopoda","Asellidae",NA,"Asellus",4,"hoglouse","x310724_kn08_mzb8",1,"Asellus aquaticus"
"Animalia","Arthropoda","Malacostraca","Isopoda","Asellidae",NA,"Asellus",4,"hoglouse","x010824_kn10_mzb1",15,"Asellus aquaticus"
"Animalia","Arthropoda","Malacostraca","Isopoda","Asellidae",NA,"Asellus",4,"hoglouse","x010824_kn10_mzb2",5,"Asellus aquaticus"
"Animalia","Arthropoda","Malacostraca","Isopoda","Asellidae",NA,"Asellus",4,"hoglouse","x010824_kn11_mzb3",15,"Asellus aquaticus"
"Animalia","Arthropoda","Malacostraca","Isopoda","Asellidae",NA,"Asellus",4,"hoglouse","x010824_kn11_mzb4",10,"Asellus aquaticus"
"Animalia","Arthropoda","Malacostraca","Isopoda","Asellidae",NA,"Asellus",4,"hoglouse","x010824_kn12_mzb5",10,"Asellus aquaticus"
"Animalia","Arthropoda","Malacostraca","Isopoda","Asellidae",NA,"Asellus",4,"hoglouse","x010824_kn12_mzb6",2,"Asellus aquaticus"
"Animalia","Arthropoda","Malacostraca","Isopoda","Asellidae",NA,"Asellus",4,"hoglouse","x010824_kn13_mzb7",5,"Asellus aquaticus"
"Animalia","Arthropoda","Malacostraca","Isopoda","Asellidae",NA,"Asellus",4,"hoglouse","x010824_kn13_mzb8",13,"Asellus aquaticus"
"Animalia","Arthropoda","Ostracoda","Podocopida","Cyprididae",NA,NA,1,"ostracods","x300724_kn02_mzb3",6,"Cyprididae"
"Animalia","Arthropoda","Ostracoda","Podocopida","Cyprididae",NA,NA,1,"ostracods","x300724_kn02_mzb4",6,"Cyprididae"
"Animalia","Arthropoda","Ostracoda","Podocopida","Cyprididae",NA,NA,1,"ostracods","x310724_kn05_mzb1",3,"Cyprididae"
"Animalia","Arthropoda","Ostracoda","Podocopida","Cyprididae",NA,NA,1,"ostracods","x310724_kn05_mzb2",2,"Cyprididae"
"Animalia","Arthropoda","Ostracoda","Podocopida","Cyprididae",NA,NA,1,"ostracods","x310724_kn06_mzb3",2,"Cyprididae"
"Animalia","Arthropoda","Ostracoda","Podocopida","Cyprididae",NA,NA,1,"ostracods","x310724_kn07_mzb5",1,"Cyprididae"
"Animalia","Arthropoda","Ostracoda","Podocopida","Cyprididae",NA,NA,1,"ostracods","x310724_kn09_mzb9",1,"Cyprididae"
"Animalia","Arthropoda","Ostracoda","Podocopida","Cyprididae",NA,NA,1,"ostracods","x310724_kn09_mzb10",1,"Cyprididae"
"Animalia","Arthropoda","Ostracoda","Podocopida","Cyprididae",NA,NA,1,"ostracods","x010824_kn10_mzb1",2,"Cyprididae"
"Animalia","Arthropoda","Ostracoda","Podocopida","Cyprididae",NA,NA,1,"ostracods","x010824_kn12_mzb5",1,"Cyprididae"
"Animalia","Arthropoda","Ostracoda","Podocopida","Cyprididae",NA,NA,1,"ostracods","x010824_kn13_mzb8",5,"Cyprididae"
"Animalia","Mollusca","Bivalvia","Sphaeriida","Sphaeriidae",NA,"Pisidium",1,"larger white pea clam","x300724_kn02_mzb3",15,"Pisidium"
"Animalia","Mollusca","Bivalvia","Sphaeriida","Sphaeriidae",NA,"Pisidium",1,"larger white pea clam","x300724_kn02_mzb4",10,"Pisidium"
"Animalia","Mollusca","Bivalvia","Sphaeriida","Sphaeriidae",NA,"Pisidium",1,"larger white pea clam","x300724_kn03_mzb5",3,"Pisidium"
"Animalia","Mollusca","Bivalvia","Sphaeriida","Sphaeriidae",NA,"Pisidium",1,"larger white pea clam","x300724_kn03_mzb6",7,"Pisidium"
"Animalia","Mollusca","Bivalvia","Sphaeriida","Sphaeriidae",NA,"Pisidium",1,"larger white pea clam","x310724_kn06_mzb3",6,"Pisidium"
"Animalia","Mollusca","Bivalvia","Sphaeriida","Sphaeriidae",NA,"Pisidium",1,"larger white pea clam","x310724_kn06_mzb4",1,"Pisidium"
"Animalia","Mollusca","Bivalvia","Sphaeriida","Sphaeriidae",NA,"Pisidium",1,"larger white pea clam","x310724_kn07_mzb5",19,"Pisidium"
"Animalia","Mollusca","Bivalvia","Sphaeriida","Sphaeriidae",NA,"Pisidium",1,"larger white pea clam","x310724_kn07_mzb6",8,"Pisidium"
"Animalia","Mollusca","Bivalvia","Sphaeriida","Sphaeriidae",NA,"Pisidium",1,"larger white pea clam","x310724_kn08_mzb7",1,"Pisidium"
"Animalia","Mollusca","Bivalvia","Sphaeriida","Sphaeriidae",NA,"Pisidium",1,"larger white pea clam","x310724_kn09_mzb9",4,"Pisidium"
"Animalia","Mollusca","Bivalvia","Sphaeriida","Sphaeriidae",NA,"Pisidium",1,"larger white pea clam","x310724_kn09_mzb10",9,"Pisidium"
"Animalia","Mollusca","Bivalvia","Sphaeriida","Sphaeriidae",NA,"Pisidium",1,"larger white pea clam","x010824_kn11_mzb3",15,"Pisidium"
"Animalia","Mollusca","Bivalvia","Sphaeriida","Sphaeriidae",NA,"Pisidium",1,"larger white pea clam","x010824_kn11_mzb4",16,"Pisidium"
"Animalia","Mollusca","Bivalvia","Sphaeriida","Sphaeriidae",NA,"Pisidium",1,"larger white pea clam","x010824_kn12_mzb5",14,"Pisidium"
"Animalia","Mollusca","Bivalvia","Sphaeriida","Sphaeriidae",NA,"Pisidium",1,"larger white pea clam","x010824_kn12_mzb6",1,"Pisidium"
"Animalia","Mollusca","Bivalvia","Sphaeriida","Sphaeriidae",NA,"Pisidium",1,"larger white pea clam","x010824_kn13_mzb7",3,"Pisidium"
"Animalia","Mollusca","Bivalvia","Sphaeriida","Sphaeriidae",NA,"Pisidium",1,"tiny 'pill' clam","x300724_kn01_mzb2",1,"Pisidium"
"Animalia","Mollusca","Bivalvia","Sphaeriida","Sphaeriidae",NA,"Pisidium",1,"tiny 'pill' clam","x300724_kn02_mzb3",60,"Pisidium"
"Animalia","Mollusca","Bivalvia","Sphaeriida","Sphaeriidae",NA,"Pisidium",1,"tiny 'pill' clam","x300724_kn02_mzb4",144,"Pisidium"
"Animalia","Mollusca","Bivalvia","Sphaeriida","Sphaeriidae",NA,"Pisidium",1,"tiny 'pill' clam","x300724_kn03_mzb5",1,"Pisidium"
"Animalia","Mollusca","Bivalvia","Sphaeriida","Sphaeriidae",NA,"Pisidium",1,"tiny 'pill' clam","x300724_kn03_mzb6",3,"Pisidium"
"Animalia","Mollusca","Bivalvia","Sphaeriida","Sphaeriidae",NA,"Pisidium",1,"tiny 'pill' clam","x310724_kn05_mzb2",6,"Pisidium"
"Animalia","Mollusca","Bivalvia","Sphaeriida","Sphaeriidae",NA,"Pisidium",1,"tiny 'pill' clam","x310724_kn06_mzb3",16,"Pisidium"
"Animalia","Mollusca","Bivalvia","Sphaeriida","Sphaeriidae",NA,"Pisidium",1,"tiny 'pill' clam","x310724_kn06_mzb4",39,"Pisidium"
"Animalia","Mollusca","Bivalvia","Sphaeriida","Sphaeriidae",NA,"Pisidium",1,"tiny 'pill' clam","x310724_kn07_mzb5",12,"Pisidium"
"Animalia","Mollusca","Bivalvia","Sphaeriida","Sphaeriidae",NA,"Pisidium",1,"tiny 'pill' clam","x310724_kn07_mzb6",4,"Pisidium"
"Animalia","Mollusca","Bivalvia","Sphaeriida","Sphaeriidae",NA,"Pisidium",1,"tiny 'pill' clam","x310724_kn08_mzb7",5,"Pisidium"
"Animalia","Mollusca","Bivalvia","Sphaeriida","Sphaeriidae",NA,"Pisidium",1,"tiny 'pill' clam","x310724_kn09_mzb9",26,"Pisidium"
"Animalia","Mollusca","Bivalvia","Sphaeriida","Sphaeriidae",NA,"Pisidium",1,"tiny 'pill' clam","x310724_kn09_mzb10",45,"Pisidium"
"Animalia","Mollusca","Bivalvia","Sphaeriida","Sphaeriidae",NA,"Pisidium",1,"tiny 'pill' clam","x010824_kn10_mzb1",3,"Pisidium"
"Animalia","Mollusca","Bivalvia","Sphaeriida","Sphaeriidae",NA,"Pisidium",1,"tiny 'pill' clam","x010824_kn11_mzb3",16,"Pisidium"
"Animalia","Mollusca","Bivalvia","Sphaeriida","Sphaeriidae",NA,"Pisidium",1,"tiny 'pill' clam","x010824_kn11_mzb4",3,"Pisidium"
"Animalia","Mollusca","Bivalvia","Sphaeriida","Sphaeriidae",NA,"Pisidium",1,"tiny 'pill' clam","x010824_kn12_mzb5",55,"Pisidium"
"Animalia","Mollusca","Bivalvia","Sphaeriida","Sphaeriidae",NA,"Pisidium",1,"tiny 'pill' clam","x010824_kn12_mzb6",36,"Pisidium"
"Animalia","Mollusca","Bivalvia","Sphaeriida","Sphaeriidae",NA,"Pisidium",1,"tiny 'pill' clam","x010824_kn13_mzb7",20,"Pisidium"
"Animalia","Mollusca","Bivalvia","Sphaeriida","Sphaeriidae",NA,"Sphaerium",1,"river orb clam (olive brown / green)","x310724_kn06_mzb3",2,"Sphaerium"
"Animalia","Mollusca","Bivalvia","Sphaeriida","Sphaeriidae",NA,"Sphaerium",1,"river orb clam (olive brown / green)","x310724_kn09_mzb9",2,"Sphaerium"
"Animalia","Mollusca","Bivalvia","Sphaeriida","Sphaeriidae",NA,"Sphaerium",1,"river orb clam (olive brown / green)","x010824_kn11_mzb3",15,"Sphaerium"
"Animalia","Mollusca","Bivalvia","Unionida","Unionidae",NA,"Unio",1,"Painter's mussel","x300724_kn01_mzb2",1,"Unio pictorum"
"Animalia","Mollusca","Gastropoda","Littorinimorpha","Bithyniidae",NA,"Bithynia",5,"faucet snail","x310724_kn05_mzb1",13,"Bithynia tentaculata"
"Animalia","Mollusca","Gastropoda","Littorinimorpha","Bithyniidae",NA,"Bithynia",5,"faucet snail","x310724_kn05_mzb2",4,"Bithynia tentaculata"
"Animalia","Mollusca","Gastropoda","Littorinimorpha","Bithyniidae",NA,"Bithynia",5,"faucet snail","x310724_kn06_mzb3",5,"Bithynia tentaculata"
"Animalia","Mollusca","Gastropoda","Littorinimorpha","Bithyniidae",NA,"Bithynia",5,"faucet snail","x310724_kn06_mzb4",19,"Bithynia tentaculata"
"Animalia","Mollusca","Gastropoda","Littorinimorpha","Bithyniidae",NA,"Bithynia",5,"faucet snail","x310724_kn07_mzb5",1,"Bithynia tentaculata"
"Animalia","Mollusca","Gastropoda","Littorinimorpha","Bithyniidae",NA,"Bithynia",5,"faucet snail","x310724_kn07_mzb6",4,"Bithynia tentaculata"
"Animalia","Mollusca","Gastropoda","Littorinimorpha","Bithyniidae",NA,"Bithynia",5,"faucet snail","x010824_kn11_mzb3",4,"Bithynia tentaculata"
"Animalia","Mollusca","Gastropoda","Littorinimorpha","Bithyniidae",NA,"Bithynia",5,"faucet snail","x010824_kn11_mzb4",5,"Bithynia tentaculata"
"Animalia","Mollusca","Gastropoda","Littorinimorpha","Acroloxidae",NA,"Acroloxus",1,"lake limpet","x310724_kn05_mzb1",1,"Acroloxus lacustris"
"Animalia","Mollusca","Gastropoda","Littorinimorpha","Acroloxidae",NA,"Acroloxus",1,"lake limpet","x310724_kn06_mzb3",7,"Acroloxus lacustris"
"Animalia","Mollusca","Gastropoda","Littorinimorpha","Acroloxidae",NA,"Acroloxus",1,"lake limpet","x310724_kn06_mzb4",8,"Acroloxus lacustris"
"Animalia","Mollusca","Gastropoda","Littorinimorpha","Lymnaeidae",NA,"Lymnaea",1,"wandering pond snail (large aperture)","x300724_kn03_mzb5",9,"Lymnaea peregra"
"Animalia","Mollusca","Gastropoda","Littorinimorpha","Lymnaeidae",NA,"Lymnaea",1,"wandering pond snail (large aperture)","x300724_kn03_mzb6",37,"Lymnaea peregra"
"Animalia","Mollusca","Gastropoda","Littorinimorpha","Lymnaeidae",NA,"Lymnaea",1,"wandering pond snail (large aperture)","x310724_kn06_mzb3",1,"Lymnaea peregra"
"Animalia","Mollusca","Gastropoda","Littorinimorpha","Lymnaeidae",NA,"Lymnaea",1,"wandering pond snail (large aperture)","x310724_kn09_mzb9",1,"Lymnaea peregra"
"Animalia","Mollusca","Gastropoda","Littorinimorpha","Lymnaeidae",NA,"Lymnaea",1,"wandering pond snail (large aperture)","x010824_kn11_mzb3",1,"Lymnaea peregra"
"Animalia","Mollusca","Gastropoda","Littorinimorpha","Lymnaeidae",NA,"Lymnaea",1,"wandering pond snail (large aperture)","x010824_kn12_mzb5",13,"Lymnaea peregra"
"Animalia","Mollusca","Gastropoda","Littorinimorpha","Lymnaeidae",NA,"Lymnaea",1,"mud pond snail (smaller spire shell)","x010824_kn11_mzb4",1,"Lymnaea glabra"
"Animalia","Mollusca","Gastropoda","Littorinimorpha","Physidae",NA,"Physella",1,"bladder snail (green, shiny, spotty, fragile shell)","x310724_kn05_mzb1",12,"Physella acuta"
"Animalia","Mollusca","Gastropoda","Littorinimorpha","Physidae",NA,"Physella",1,"bladder snail (green, shiny, spotty, fragile shell)","x310724_kn05_mzb2",8,"Physella acuta"
"Animalia","Mollusca","Gastropoda","Littorinimorpha","Physidae",NA,"Physella",1,"bladder snail (green, shiny, spotty, fragile shell)","x310724_kn06_mzb3",1,"Physella acuta"
"Animalia","Mollusca","Gastropoda","Littorinimorpha","Physidae",NA,"Physella",1,"bladder snail (green, shiny, spotty, fragile shell)","x310724_kn06_mzb4",11,"Physella acuta"
"Animalia","Mollusca","Gastropoda","Littorinimorpha","Physidae",NA,"Physella",1,"bladder snail (cream, sinistral shell)","x300724_kn03_mzb5",32,"Physa fontinalis"
"Animalia","Mollusca","Gastropoda","Littorinimorpha","Physidae",NA,"Physella",1,"bladder snail (cream, sinistral shell)","x300724_kn03_mzb6",50,"Physa fontinalis"
"Animalia","Mollusca","Gastropoda","Littorinimorpha","Physidae",NA,"Physella",1,"bladder snail (cream, sinistral shell)","x310724_kn05_mzb2",1,"Physa fontinalis"
"Animalia","Mollusca","Gastropoda","Littorinimorpha","Physidae",NA,"Physella",1,"bladder snail (cream, sinistral shell)","x310724_kn06_mzb3",2,"Physa fontinalis"
"Animalia","Mollusca","Gastropoda","Littorinimorpha","Physidae",NA,"Physella",1,"bladder snail (cream, sinistral shell)","x310724_kn08_mzb7",2,"Physa fontinalis"
"Animalia","Mollusca","Gastropoda","Littorinimorpha","Physidae",NA,"Physella",1,"bladder snail (cream, sinistral shell)","x310724_kn09_mzb9",1,"Physa fontinalis"
"Animalia","Mollusca","Gastropoda","Littorinimorpha","Physidae",NA,"Physella",1,"bladder snail (cream, sinistral shell)","x310724_kn09_mzb10",1,"Physa fontinalis"
"Animalia","Mollusca","Gastropoda","Littorinimorpha","Physidae",NA,"Physella",1,"bladder snail (cream, sinistral shell)","x010824_kn12_mzb5",2,"Physa fontinalis"
"Animalia","Mollusca","Gastropoda","Littorinimorpha","Planorbidae",NA,NA,1,"small flat brown ramshorn","x300724_kn02_mzb4",40,"Planorbidae"
"Animalia","Mollusca","Gastropoda","Littorinimorpha","Planorbidae",NA,NA,1,"small flat brown ramshorn","x300724_kn04_mzb7",1,"Planorbidae"
"Animalia","Mollusca","Gastropoda","Littorinimorpha","Planorbidae",NA,NA,1,"small flat brown ramshorn","x310724_kn05_mzb2",1,"Planorbidae"
"Animalia","Mollusca","Gastropoda","Littorinimorpha","Planorbidae",NA,NA,1,"small flat brown ramshorn","x310724_kn06_mzb3",5,"Planorbidae"
"Animalia","Mollusca","Gastropoda","Littorinimorpha","Planorbidae",NA,NA,1,"small flat brown ramshorn","x310724_kn06_mzb4",13,"Planorbidae"
"Animalia","Mollusca","Gastropoda","Littorinimorpha","Planorbidae",NA,NA,1,"small flat brown ramshorn","x310724_kn07_mzb5",2,"Planorbidae"
"Animalia","Mollusca","Gastropoda","Littorinimorpha","Planorbidae",NA,NA,1,"small flat brown ramshorn","x310724_kn07_mzb6",2,"Planorbidae"
"Animalia","Mollusca","Gastropoda","Littorinimorpha","Planorbidae",NA,NA,1,"small flat brown ramshorn","x310724_kn08_mzb7",5,"Planorbidae"
"Animalia","Mollusca","Gastropoda","Littorinimorpha","Planorbidae",NA,NA,1,"small flat brown ramshorn","x310724_kn08_mzb8",5,"Planorbidae"
"Animalia","Mollusca","Gastropoda","Littorinimorpha","Planorbidae",NA,NA,1,"small flat brown ramshorn","x010824_kn12_mzb6",2,"Planorbidae"
"Animalia","Mollusca","Gastropoda","Littorinimorpha","Planorbidae",NA,NA,1,"small, thicker, ramshorn","x300724_kn01_mzb1",2,"Planorbidae"
"Animalia","Mollusca","Gastropoda","Littorinimorpha","Planorbidae",NA,NA,1,"small, thicker, ramshorn","x300724_kn02_mzb3",5,"Planorbidae"
"Animalia","Mollusca","Gastropoda","Littorinimorpha","Planorbidae",NA,NA,1,"small, thicker, ramshorn","x300724_kn02_mzb4",3,"Planorbidae"
"Animalia","Mollusca","Gastropoda","Littorinimorpha","Planorbidae",NA,NA,1,"small, thicker, ramshorn","x310724_kn05_mzb1",13,"Planorbidae"
"Animalia","Mollusca","Gastropoda","Littorinimorpha","Planorbidae",NA,NA,1,"small, thicker, ramshorn","x310724_kn05_mzb2",3,"Planorbidae"
"Animalia","Mollusca","Gastropoda","Littorinimorpha","Planorbidae",NA,NA,1,"small, thicker, ramshorn","x310724_kn06_mzb3",11,"Planorbidae"
"Animalia","Mollusca","Gastropoda","Littorinimorpha","Planorbidae",NA,NA,1,"small, thicker, ramshorn","x310724_kn06_mzb4",14,"Planorbidae"
"Animalia","Mollusca","Gastropoda","Littorinimorpha","Planorbidae",NA,NA,1,"small, thicker, ramshorn","x310724_kn07_mzb5",6,"Planorbidae"
"Animalia","Mollusca","Gastropoda","Littorinimorpha","Planorbidae",NA,NA,1,"small, thicker, ramshorn","x010824_kn10_mzb1",2,"Planorbidae"
"Animalia","Mollusca","Gastropoda","Littorinimorpha","Planorbidae",NA,NA,1,"small, thicker, ramshorn","x010824_kn11_mzb3",2,"Planorbidae"
"Animalia","Mollusca","Gastropoda","Littorinimorpha","Planorbidae",NA,NA,1,"small, thicker, ramshorn","x010824_kn12_mzb5",15,"Planorbidae"
"Animalia","Mollusca","Gastropoda","Littorinimorpha","Planorbidae",NA,NA,1,"small, thicker, ramshorn","x010824_kn12_mzb6",2,"Planorbidae"
"Animalia","Mollusca","Gastropoda","Littorinimorpha","Valvatidae",NA,"Valvata",1,"flat valve snails","x310724_kn05_mzb1",1,"Valvata cristata"
"Animalia","Mollusca","Gastropoda","Littorinimorpha","Valvatidae",NA,"Valvata",1,"flat valve snails","x310724_kn05_mzb2",1,"Valvata cristata"
"Animalia","Mollusca","Gastropoda","Littorinimorpha","Valvatidae",NA,"Valvata",1,"flat valve snails","x310724_kn06_mzb3",13,"Valvata cristata"
"Animalia","Mollusca","Gastropoda","Littorinimorpha","Valvatidae",NA,"Valvata",1,"flat valve snails","x310724_kn06_mzb4",16,"Valvata cristata"
"Animalia","Mollusca","Gastropoda","Littorinimorpha","Valvatidae",NA,"Valvata",1,"flat valve snails","x310724_kn07_mzb5",1,"Valvata cristata"
"Animalia","Mollusca","Gastropoda","Littorinimorpha","Valvatidae",NA,"Valvata",1,"flat valve snails","x310724_kn07_mzb6",1,"Valvata cristata"
